paper_id,claim_id,table_figure,claim,value_script,value_paper,match,notes,value_rewrite,match_rewrite,defect_locus
coppock_kaur_2022,table_3|column_d,table_3,column d,"1,1,1,1,1,1,1,0,0,0","1,1,1,1,1,1,1,0,0,0",1,Table 3 column read down the ten units,"1,1,1,1,1,1,1,0,0,0",1,
coppock_kaur_2022,table_3|column_y,table_3,column Y,"1,1,1,1,0,0,0,1,0,0","1,1,1,1,0,0,0,1,0,0",1,Table 3 column read down the ten units,"1,1,1,1,0,0,0,1,0,0",1,
coppock_kaur_2022,table_3|column_y0_initial,table_3,column Y0_initial,"?,?,?,?,?,?,?,1,0,0","?,?,?,?,?,?,?,1,0,0",1,Table 3 column read down the ten units,"?,?,?,?,?,?,?,1,0,0",1,
coppock_kaur_2022,table_3|column_y1_initial,table_3,column Y1_initial,"1,1,1,1,0,0,0,?,?,?","1,1,1,1,0,0,0,?,?,?",1,Table 3 column read down the ten units,"1,1,1,1,0,0,0,?,?,?",1,
coppock_kaur_2022,table_3|column_y0_easy,table_3,column Y0_easy,"1,1,?,?,0,?,?,1,0,0","1,1,?,?,0,?,?,1,0,0",1,Table 3 column read down the ten units,"1,1,?,?,0,?,?,1,0,0",1,
coppock_kaur_2022,table_3|column_y1_easy,table_3,column Y1_easy,"1,1,1,1,0,0,0,1,0,?","1,1,1,1,0,0,0,1,0,?",1,Table 3 column read down the ten units,"1,1,1,1,0,0,0,1,0,?",1,
coppock_kaur_2022,table_3|column_y0_nulls,table_3,column Y0_nulls,"1,1,?,?,0,0,0,1,0,0","1,1,?,?,0,0,0,1,0,0",1,Table 3 column read down the ten units,"1,1,?,?,0,0,0,1,0,0",1,
coppock_kaur_2022,table_3|column_y1_nulls,table_3,column Y1_nulls,"1,1,1,1,0,0,0,1,0,?","1,1,1,1,0,0,0,1,0,?",1,Table 3 column read down the ten units,"1,1,1,1,0,0,0,1,0,?",1,
coppock_kaur_2022,table_3|column_y0_hard,table_3,column Y0_hard,"1,1,0,0,0,0,0,1,0,0","1,1,0,0,0,0,0,1,0,0",1,Table 3 column read down the ten units,"1,1,0,0,0,0,0,1,0,0",1,
coppock_kaur_2022,table_3|column_y1_hard,table_3,column Y1_hard,"1,1,1,1,0,0,0,1,0,?","1,1,1,1,0,0,0,1,0,?",1,Table 3 column read down the ten units,"1,1,1,1,0,0,0,1,0,?",1,
coppock_kaur_2022,table_3|ev_bounds_low_initial_values,table_3,"EV bounds low, Initial Values",-40,-40,1,Printed beneath Table 3; the deposited script prints fractions,-40,1,
coppock_kaur_2022,table_3|ev_bounds_high_initial_values,table_3,"EV bounds high, Initial Values",60,60,1,,60,1,
coppock_kaur_2022,table_3|ev_bounds_low_easy_cases,table_3,"EV bounds low, Easy Cases",-20,-20,1,Printed beneath Table 3; the deposited script prints fractions,-20,1,
coppock_kaur_2022,table_3|ev_bounds_high_easy_cases,table_3,"EV bounds high, Easy Cases",30,30,1,,30,1,
coppock_kaur_2022,table_3|ev_bounds_low_nulls_for_6_7,table_3,"EV bounds low, Nulls for 6&7",0,0,1,Printed beneath Table 3; the deposited script prints fractions,0,1,
coppock_kaur_2022,table_3|ev_bounds_high_nulls_for_6_7,table_3,"EV bounds high, Nulls for 6&7",30,30,1,,30,1,
coppock_kaur_2022,table_3|ev_bounds_low_hard_cases,table_3,"EV bounds low, Hard Cases",20,20,1,Printed beneath Table 3; the deposited script prints fractions,20,1,
coppock_kaur_2022,table_3|ev_bounds_high_hard_cases,table_3,"EV bounds high, Hard Cases",30,30,1,,30,1,
coppock_kaur_2022,figure_1|low_bound_before_any_data,figure_1,"low bound, Before Any Data",-100,-100,1,,-100,1,
coppock_kaur_2022,figure_1|high_bound_before_any_data,figure_1,"high bound, Before Any Data",100,100,1,,100,1,
coppock_kaur_2022,figure_1|low_bound_initial_values,figure_1,"low bound, Initial Values",-40,-40,1,,-40,1,
coppock_kaur_2022,figure_1|high_bound_initial_values,figure_1,"high bound, Initial Values",60,60,1,,60,1,
coppock_kaur_2022,figure_1|low_bound_easy_cases,figure_1,"low bound, Easy Cases",-20,-20,1,,-20,1,
coppock_kaur_2022,figure_1|high_bound_easy_cases,figure_1,"high bound, Easy Cases",30,30,1,,30,1,
coppock_kaur_2022,figure_1|low_bound_nulls_for_6_7,figure_1,"low bound, Nulls for 6&7",0,0,1,,0,1,
coppock_kaur_2022,figure_1|high_bound_nulls_for_6_7,figure_1,"high bound, Nulls for 6&7",30,30,1,,30,1,
coppock_kaur_2022,figure_1|low_bound_hard_cases,figure_1,"low bound, Hard Cases",20,20,1,,20,1,
coppock_kaur_2022,figure_1|high_bound_hard_cases,figure_1,"high bound, Hard Cases",30,30,1,,30,1,
coppock_kaur_2022,table_4|ev_bounds_low_unit_6_0_unit_7_0,table_4,"EV bounds low, unit 6 = 0, unit 7 = 0",0,0,1,Deposited script prints the bounds as fractions; the paper prints percentage points,0,1,
coppock_kaur_2022,table_4|ev_bounds_high_unit_6_0_unit_7_0,table_4,"EV bounds high, unit 6 = 0, unit 7 = 0",30,30,1,,30,1,
coppock_kaur_2022,table_4|probability_unit_6_0_unit_7_0,table_4,"probability, unit 6 = 0, unit 7 = 0",0.56,0.56,1,,0.56,1,
coppock_kaur_2022,table_4|ev_bounds_low_unit_6_1_unit_7_0,table_4,"EV bounds low, unit 6 = 1, unit 7 = 0",-10,-10,1,Deposited script prints the bounds as fractions; the paper prints percentage points,-10,1,
coppock_kaur_2022,table_4|ev_bounds_high_unit_6_1_unit_7_0,table_4,"EV bounds high, unit 6 = 1, unit 7 = 0",20,20,1,,20,1,
coppock_kaur_2022,table_4|probability_unit_6_1_unit_7_0,table_4,"probability, unit 6 = 1, unit 7 = 0",0.14,0.14,1,,0.14,1,
coppock_kaur_2022,table_4|ev_bounds_low_unit_6_0_unit_7_1,table_4,"EV bounds low, unit 6 = 0, unit 7 = 1",-10,-10,1,Deposited script prints the bounds as fractions; the paper prints percentage points,-10,1,
coppock_kaur_2022,table_4|ev_bounds_high_unit_6_0_unit_7_1,table_4,"EV bounds high, unit 6 = 0, unit 7 = 1",20,20,1,,20,1,
coppock_kaur_2022,table_4|probability_unit_6_0_unit_7_1,table_4,"probability, unit 6 = 0, unit 7 = 1",0.24,0.24,1,,0.24,1,
coppock_kaur_2022,table_4|ev_bounds_low_unit_6_1_unit_7_1,table_4,"EV bounds low, unit 6 = 1, unit 7 = 1",-20,-20,1,Deposited script prints the bounds as fractions; the paper prints percentage points,-20,1,
coppock_kaur_2022,table_4|ev_bounds_high_unit_6_1_unit_7_1,table_4,"EV bounds high, unit 6 = 1, unit 7 = 1",10,10,1,,10,1,
coppock_kaur_2022,table_4|probability_unit_6_1_unit_7_1,table_4,"probability, unit 6 = 1, unit 7 = 1",0.06,0.06,1,,0.06,1,
coppock_kaur_2022,table_4|probability_weighted_point_estimate_lower_bound,table_4,"probability-weighted point estimate, lower bound",,-5,,Stated in the Probabilistic Extension section; the deposited scripts do not compute it,-5,1,
coppock_kaur_2022,table_4|probability_weighted_point_estimate_upper_bound,table_4,"probability-weighted point estimate, upper bound",,25,,,25,1,
coppock_kaur_2022,table_4|2_5th_quantile_of_the_lower_bound,table_4,2.5th quantile of the lower bound,,-20,,,-20,1,
coppock_kaur_2022,table_4|97_5th_quantile_of_the_lower_bound,table_4,97.5th quantile of the lower bound,,0,,,0,1,
coppock_kaur_2022,table_4|2_5th_quantile_of_the_upper_bound,table_4,2.5th quantile of the upper bound,,10,,,10,1,
coppock_kaur_2022,table_4|97_5th_quantile_of_the_upper_bound,table_4,97.5th quantile of the upper bound,,30,,,30,1,
coppock_kaur_2022,table_4|probability_that_unit_6_has_y0_1,table_4,probability that unit 6 has Y0 = 1,0.2,0.3,0,"The text says the probabilities for units 6 and 7 are .3 and .4; the probabilities printed in Table 4 require .2 and .3, which is what the deposited script uses",0.2,0,paper_internal
coppock_kaur_2022,table_4|probability_that_unit_7_has_y0_1,table_4,probability that unit 7 has Y0 = 1,0.3,0.4,0,,0.3,0,paper_internal
coppock_kaur_2022,table_5|democratization_negative_effect,table_5,"democratization, Negative Effect",2% (1),2% (1),1,"Paper column headings are Prevents Authoritarianism, No Effect, Causes Authoritarianism, Unimputed",2% (1),1,
coppock_kaur_2022,table_5|end_of_conflict_negative_effect,table_5,"end of conflict, Negative Effect",0% (0),,,The paper prints only the democratization row; this cell is unverifiable,0% (0),,
coppock_kaur_2022,table_5|democratization_no_effect,table_5,"democratization, No Effect",40% (25),40% (25),1,"Paper column headings are Prevents Authoritarianism, No Effect, Causes Authoritarianism, Unimputed",40% (25),1,
coppock_kaur_2022,table_5|end_of_conflict_no_effect,table_5,"end of conflict, No Effect",43% (23),,,The paper prints only the democratization row; this cell is unverifiable,43% (23),,
coppock_kaur_2022,table_5|democratization_positive_effect,table_5,"democratization, Positive Effect",8% (5),8% (5),1,"Paper column headings are Prevents Authoritarianism, No Effect, Causes Authoritarianism, Unimputed",8% (5),1,
coppock_kaur_2022,table_5|end_of_conflict_positive_effect,table_5,"end of conflict, Positive Effect",13% (7),,,The paper prints only the democratization row; this cell is unverifiable,13% (7),,
coppock_kaur_2022,table_5|democratization_unimputed,table_5,"democratization, Unimputed",51% (32),51% (32),1,"Paper column headings are Prevents Authoritarianism, No Effect, Causes Authoritarianism, Unimputed",51% (32),1,
coppock_kaur_2022,table_5|end_of_conflict_unimputed,table_5,"end of conflict, Unimputed",44% (24),,,The paper prints only the democratization row; this cell is unverifiable,44% (24),,
coppock_kaur_2022,figure_2|low_bound_before_any_data,figure_2,"low bound, Before Any Data",-100,-100,1,"Rounded label; the deposited script sets no seed, so its value is one draw",-100,1,
coppock_kaur_2022,figure_2|high_bound_before_any_data,figure_2,"high bound, Before Any Data",100,100,1,,100,1,
coppock_kaur_2022,figure_2|low_bound_initial_values,figure_2,"low bound, Initial Values",-25,-25,1,"Rounded label; the deposited script sets no seed, so its value is one draw",-25,1,
coppock_kaur_2022,figure_2|high_bound_initial_values,figure_2,"high bound, Initial Values",75,75,1,,75,1,
coppock_kaur_2022,figure_2|low_bound_disbanded_and_discredited_cases,figure_2,"low bound, Disbanded and Discredited Cases",-25,-25,1,"Rounded label; the deposited script sets no seed, so its value is one draw",-25,1,
coppock_kaur_2022,figure_2|high_bound_disbanded_and_discredited_cases,figure_2,"high bound, Disbanded and Discredited Cases",72,72,1,,72,1,
coppock_kaur_2022,figure_2|low_bound_treated_cases,figure_2,"low bound, Treated Cases",-16,-16,1,"The published label is what the deposited data give; the rewrite draws from the imputation probabilities appendix C states, which the deposit transcribes differently for seven cases",-17,0,archive
coppock_kaur_2022,figure_2|high_bound_treated_cases,figure_2,"high bound, Treated Cases",68,68,1,"The published label is what the deposited data give; the rewrite draws from the imputation probabilities appendix C states, which the deposit transcribes differently for seven cases",67,0,archive
coppock_kaur_2022,figure_2|low_bound_non_transitional_cases,figure_2,"low bound, Non-transitional Cases",-12,-12,1,"The published label is what the deposited data give; the rewrite draws from the imputation probabilities appendix C states, which the deposit transcribes differently for seven cases",-13,0,archive
coppock_kaur_2022,figure_2|high_bound_non_transitional_cases,figure_2,"high bound, Non-transitional Cases",62,62,1,"The published label is what the deposited data give; the rewrite draws from the imputation probabilities appendix C states, which the deposit transcribes differently for seven cases",61,0,archive
coppock_kaur_2022,figure_2|low_bound_untreated_cases,figure_2,"low bound, Untreated Cases",-2,-2,1,"Rounded label; the deposited script sets no seed, so its value is one draw",-2,1,
coppock_kaur_2022,figure_2|high_bound_untreated_cases,figure_2,"high bound, Untreated Cases",49,49,1,,49,1,
coppock_kaur_2022,figure_2|low_bound_unimputable_cases,figure_2,"low bound, Unimputable Cases",-2,-2,1,"Rounded label; the deposited script sets no seed, so its value is one draw",-2,1,
coppock_kaur_2022,figure_2|high_bound_unimputable_cases,figure_2,"high bound, Unimputable Cases",49,49,1,,49,1,
coppock_kaur_2022,figure_a1|low_bound_before_any_data,figure_a1,"low bound, Before Any Data",-100,-100,1,"Rounded label; the deposited script sets no seed, so its value is one draw",-100,1,
coppock_kaur_2022,figure_a1|high_bound_before_any_data,figure_a1,"high bound, Before Any Data",100,100,1,,100,1,
coppock_kaur_2022,figure_a1|low_bound_initial_values,figure_a1,"low bound, Initial Values",-33,-33,1,"Rounded label; the deposited script sets no seed, so its value is one draw",-33,1,
coppock_kaur_2022,figure_a1|high_bound_initial_values,figure_a1,"high bound, Initial Values",67,67,1,,67,1,
coppock_kaur_2022,figure_a1|low_bound_disbanded_and_discredited_cases,figure_a1,"low bound, Disbanded and Discredited Cases",-32,-32,1,"Rounded label; the deposited script sets no seed, so its value is one draw",-32,1,
coppock_kaur_2022,figure_a1|high_bound_disbanded_and_discredited_cases,figure_a1,"high bound, Disbanded and Discredited Cases",61,61,1,,61,1,
coppock_kaur_2022,figure_a1|low_bound_treated_cases,figure_a1,"low bound, Treated Cases",-26,-26,1,"Rounded label; the deposited script sets no seed, so its value is one draw",-26,1,
coppock_kaur_2022,figure_a1|high_bound_treated_cases,figure_a1,"high bound, Treated Cases",56,56,1,,56,1,
coppock_kaur_2022,figure_a1|low_bound_non_transitional_cases,figure_a1,"low bound, Non-transitional Cases",-24,-24,1,"Rounded label; the deposited script sets no seed, so its value is one draw",-24,1,
coppock_kaur_2022,figure_a1|high_bound_non_transitional_cases,figure_a1,"high bound, Non-transitional Cases",54,54,1,,54,1,
coppock_kaur_2022,figure_a1|low_bound_untreated_cases,figure_a1,"low bound, Untreated Cases",-3,-3,1,"Rounded label; the deposited script sets no seed, so its value is one draw",-3,1,
coppock_kaur_2022,figure_a1|high_bound_untreated_cases,figure_a1,"high bound, Untreated Cases",42,42,1,,42,1,
coppock_kaur_2022,figure_a1|low_bound_unimputable_cases,figure_a1,"low bound, Unimputable Cases",-3,-3,1,"Rounded label; the deposited script sets no seed, so its value is one draw",-3,1,
coppock_kaur_2022,figure_a1|high_bound_unimputable_cases,figure_a1,"high bound, Unimputable Cases",42,42,1,,42,1,
coppock_kaur_2022,figure_3|low_bound_atu_before_any_data,figure_3,"low bound, ATU, Before Any Data",-100,-100,1,Rounded label; the deposited script sets no seed,-100,1,
coppock_kaur_2022,figure_3|high_bound_atu_before_any_data,figure_3,"high bound, ATU, Before Any Data",100,100,1,,100,1,
coppock_kaur_2022,figure_3|low_bound_atu_initial_values,figure_3,"low bound, ATU, Initial Values",-16,-16,1,Rounded label; the deposited script sets no seed,-16,1,
coppock_kaur_2022,figure_3|high_bound_atu_initial_values,figure_3,"high bound, ATU, Initial Values",84,84,1,,84,1,
coppock_kaur_2022,figure_3|low_bound_atu_disbanded_and_discredited_cases,figure_3,"low bound, ATU, Disbanded and Discredited Cases",-16,-16,1,Rounded label; the deposited script sets no seed,-16,1,
coppock_kaur_2022,figure_3|high_bound_atu_disbanded_and_discredited_cases,figure_3,"high bound, ATU, Disbanded and Discredited Cases",80,80,1,,80,1,
coppock_kaur_2022,figure_3|low_bound_atu_treated_cases,figure_3,"low bound, ATU, Treated Cases",-16,-16,1,Rounded label; the deposited script sets no seed,-16,1,
coppock_kaur_2022,figure_3|high_bound_atu_treated_cases,figure_3,"high bound, ATU, Treated Cases",80,80,1,,80,1,
coppock_kaur_2022,figure_3|low_bound_atu_non_transitional_cases,figure_3,"low bound, ATU, Non-transitional Cases",-12,-12,1,Rounded label; the deposited script sets no seed,-12,1,
coppock_kaur_2022,figure_3|high_bound_atu_non_transitional_cases,figure_3,"high bound, ATU, Non-transitional Cases",74,74,1,,74,1,
coppock_kaur_2022,figure_3|low_bound_atu_untreated_cases,figure_3,"low bound, ATU, Untreated Cases",0,0,1,"The published label is what the deposited data give; the rewrite draws from the imputation probabilities appendix C states, which the deposit transcribes differently for seven cases",1,0,archive
coppock_kaur_2022,figure_3|high_bound_atu_untreated_cases,figure_3,"high bound, ATU, Untreated Cases",58,58,1,"The published label is what the deposited data give; the rewrite draws from the imputation probabilities appendix C states, which the deposit transcribes differently for seven cases",60,0,archive
coppock_kaur_2022,figure_3|low_bound_atu_unimputable_cases,figure_3,"low bound, ATU, Unimputable Cases",0,0,1,"The published label is what the deposited data give; the rewrite draws from the imputation probabilities appendix C states, which the deposit transcribes differently for seven cases",1,0,archive
coppock_kaur_2022,figure_3|high_bound_atu_unimputable_cases,figure_3,"high bound, ATU, Unimputable Cases",58,58,1,"The published label is what the deposited data give; the rewrite draws from the imputation probabilities appendix C states, which the deposit transcribes differently for seven cases",60,0,archive
coppock_kaur_2022,figure_3|low_bound_att_before_any_data,figure_3,"low bound, ATT, Before Any Data",-100,-100,1,Rounded label; the deposited script sets no seed,-100,1,
coppock_kaur_2022,figure_3|high_bound_att_before_any_data,figure_3,"high bound, ATT, Before Any Data",100,100,1,,100,1,
coppock_kaur_2022,figure_3|low_bound_att_initial_values,figure_3,"low bound, ATT, Initial Values",-88,-88,1,"The exact bound is -87.5, halfway between two whole numbers, so no whole-number label is determined; the published label is one of the two it lies between and is not contradicted at the precision the figure prints",-87.5,1,
coppock_kaur_2022,figure_3|high_bound_att_initial_values,figure_3,"high bound, ATT, Initial Values",12,12,1,"The exact bound is 12.5, halfway between two whole numbers, so no whole-number label is determined; the published label is one of the two it lies between and is not contradicted at the precision the figure prints",12.5,1,
coppock_kaur_2022,figure_3|low_bound_att_disbanded_and_discredited_cases,figure_3,"low bound, ATT, Disbanded and Discredited Cases",-88,-88,1,"The exact bound is -87.5, halfway between two whole numbers, so no whole-number label is determined; the published label is one of the two it lies between and is not contradicted at the precision the figure prints",-87.5,1,
coppock_kaur_2022,figure_3|high_bound_att_disbanded_and_discredited_cases,figure_3,"high bound, ATT, Disbanded and Discredited Cases",12,12,1,"The exact bound is 12.5, halfway between two whole numbers, so no whole-number label is determined; the published label is one of the two it lies between and is not contradicted at the precision the figure prints",12.5,1,
coppock_kaur_2022,figure_3|low_bound_att_treated_cases,figure_3,"low bound, ATT, Treated Cases",-15,-15,1,"The published label is what the deposited data give; the rewrite uses the imputation probabilities appendix C states, which the deposit transcribes differently for seven cases. The bound is exactly -22.5, enumerated rather than simulated, and no whole number states it",-22.5,0,archive
coppock_kaur_2022,figure_3|high_bound_att_treated_cases,figure_3,"high bound, ATT, Treated Cases",-15,-15,1,"The published label is what the deposited data give; the rewrite uses the imputation probabilities appendix C states, which the deposit transcribes differently for seven cases. The bound is exactly -22.5, enumerated rather than simulated, and no whole number states it",-22.5,0,archive
coppock_kaur_2022,figure_3|low_bound_att_non_transitional_cases,figure_3,"low bound, ATT, Non-transitional Cases",-15,-15,1,"The published label is what the deposited data give; the rewrite uses the imputation probabilities appendix C states, which the deposit transcribes differently for seven cases. The bound is exactly -22.5, enumerated rather than simulated, and no whole number states it",-22.5,0,archive
coppock_kaur_2022,figure_3|high_bound_att_non_transitional_cases,figure_3,"high bound, ATT, Non-transitional Cases",-15,-15,1,"The published label is what the deposited data give; the rewrite uses the imputation probabilities appendix C states, which the deposit transcribes differently for seven cases. The bound is exactly -22.5, enumerated rather than simulated, and no whole number states it",-22.5,0,archive
coppock_kaur_2022,figure_3|low_bound_att_untreated_cases,figure_3,"low bound, ATT, Untreated Cases",-15,-15,1,"The published label is what the deposited data give; the rewrite uses the imputation probabilities appendix C states, which the deposit transcribes differently for seven cases. The bound is exactly -22.5, enumerated rather than simulated, and no whole number states it",-22.5,0,archive
coppock_kaur_2022,figure_3|high_bound_att_untreated_cases,figure_3,"high bound, ATT, Untreated Cases",-15,-15,1,"The published label is what the deposited data give; the rewrite uses the imputation probabilities appendix C states, which the deposit transcribes differently for seven cases. The bound is exactly -22.5, enumerated rather than simulated, and no whole number states it",-22.5,0,archive
coppock_kaur_2022,figure_3|low_bound_att_unimputable_cases,figure_3,"low bound, ATT, Unimputable Cases",-15,-15,1,"The published label is what the deposited data give; the rewrite uses the imputation probabilities appendix C states, which the deposit transcribes differently for seven cases. The bound is exactly -22.5, enumerated rather than simulated, and no whole number states it",-22.5,0,archive
coppock_kaur_2022,figure_3|high_bound_att_unimputable_cases,figure_3,"high bound, ATT, Unimputable Cases",-15,-15,1,"The published label is what the deposited data give; the rewrite uses the imputation probabilities appendix C states, which the deposit transcribes differently for seven cases. The bound is exactly -22.5, enumerated rather than simulated, and no whole number states it",-22.5,0,archive
coppock_kaur_2022,figure_a2|low_bound_atu_before_any_data,figure_a2,"low bound, ATU, Before Any Data",-100,-100,1,Rounded label; the deposited script sets no seed,-100,1,
coppock_kaur_2022,figure_a2|high_bound_atu_before_any_data,figure_a2,"high bound, ATU, Before Any Data",100,100,1,,100,1,
coppock_kaur_2022,figure_a2|low_bound_atu_initial_values,figure_a2,"low bound, ATU, Initial Values",-29,-29,1,Rounded label; the deposited script sets no seed,-29,1,
coppock_kaur_2022,figure_a2|high_bound_atu_initial_values,figure_a2,"high bound, ATU, Initial Values",71,71,1,,71,1,
coppock_kaur_2022,figure_a2|low_bound_atu_disbanded_and_discredited_cases,figure_a2,"low bound, ATU, Disbanded and Discredited Cases",-27,-27,1,"The exact bound is -27.5, halfway between two whole numbers, so no whole-number label is determined; the published label is one of the two it lies between and is not contradicted at the precision the figure prints",-27.5,1,
coppock_kaur_2022,figure_a2|high_bound_atu_disbanded_and_discredited_cases,figure_a2,"high bound, ATU, Disbanded and Discredited Cases",64,64,1,,64,1,
coppock_kaur_2022,figure_a2|low_bound_atu_treated_cases,figure_a2,"low bound, ATU, Treated Cases",-27,-27,1,"The exact bound is -27.5, halfway between two whole numbers, so no whole-number label is determined; the published label is one of the two it lies between and is not contradicted at the precision the figure prints",-27.5,1,
coppock_kaur_2022,figure_a2|high_bound_atu_treated_cases,figure_a2,"high bound, ATU, Treated Cases",64,64,1,,64,1,
coppock_kaur_2022,figure_a2|low_bound_atu_non_transitional_cases,figure_a2,"low bound, ATU, Non-transitional Cases",-26,-26,1,Rounded label; the deposited script sets no seed,-26,1,
coppock_kaur_2022,figure_a2|high_bound_atu_non_transitional_cases,figure_a2,"high bound, ATU, Non-transitional Cases",62,62,1,,62,1,
coppock_kaur_2022,figure_a2|low_bound_atu_untreated_cases,figure_a2,"low bound, ATU, Untreated Cases",-2,-2,1,Rounded label; the deposited script sets no seed,-2,1,
coppock_kaur_2022,figure_a2|high_bound_atu_untreated_cases,figure_a2,"high bound, ATU, Untreated Cases",48,48,1,,48,1,
coppock_kaur_2022,figure_a2|low_bound_atu_unimputable_cases,figure_a2,"low bound, ATU, Unimputable Cases",-2,-2,1,Rounded label; the deposited script sets no seed,-2,1,
coppock_kaur_2022,figure_a2|high_bound_atu_unimputable_cases,figure_a2,"high bound, ATU, Unimputable Cases",48,48,1,,48,1,
coppock_kaur_2022,figure_a2|low_bound_att_before_any_data,figure_a2,"low bound, ATT, Before Any Data",-100,-100,1,Rounded label; the deposited script sets no seed,-100,1,
coppock_kaur_2022,figure_a2|high_bound_att_before_any_data,figure_a2,"high bound, ATT, Before Any Data",100,100,1,,100,1,
coppock_kaur_2022,figure_a2|low_bound_att_initial_values,figure_a2,"low bound, ATT, Initial Values",-67,-67,1,Rounded label; the deposited script sets no seed,-67,1,
coppock_kaur_2022,figure_a2|high_bound_att_initial_values,figure_a2,"high bound, ATT, Initial Values",33,33,1,,33,1,
coppock_kaur_2022,figure_a2|low_bound_att_disbanded_and_discredited_cases,figure_a2,"low bound, ATT, Disbanded and Discredited Cases",-67,-67,1,Rounded label; the deposited script sets no seed,-67,1,
coppock_kaur_2022,figure_a2|high_bound_att_disbanded_and_discredited_cases,figure_a2,"high bound, ATT, Disbanded and Discredited Cases",33,33,1,,33,1,
coppock_kaur_2022,figure_a2|low_bound_att_treated_cases,figure_a2,"low bound, ATT, Treated Cases",-10,-10,1,Rounded label; the deposited script sets no seed,-10,1,
coppock_kaur_2022,figure_a2|high_bound_att_treated_cases,figure_a2,"high bound, ATT, Treated Cases",-10,-10,1,,-10,1,
coppock_kaur_2022,figure_a2|low_bound_att_non_transitional_cases,figure_a2,"low bound, ATT, Non-transitional Cases",-10,-10,1,Rounded label; the deposited script sets no seed,-10,1,
coppock_kaur_2022,figure_a2|high_bound_att_non_transitional_cases,figure_a2,"high bound, ATT, Non-transitional Cases",-10,-10,1,,-10,1,
coppock_kaur_2022,figure_a2|low_bound_att_untreated_cases,figure_a2,"low bound, ATT, Untreated Cases",-10,-10,1,Rounded label; the deposited script sets no seed,-10,1,
coppock_kaur_2022,figure_a2|high_bound_att_untreated_cases,figure_a2,"high bound, ATT, Untreated Cases",-10,-10,1,,-10,1,
coppock_kaur_2022,figure_a2|low_bound_att_unimputable_cases,figure_a2,"low bound, ATT, Unimputable Cases",-10,-10,1,Rounded label; the deposited script sets no seed,-10,1,
coppock_kaur_2022,figure_a2|high_bound_att_unimputable_cases,figure_a2,"high bound, ATT, Unimputable Cases",-10,-10,1,,-10,1,
coppock_kaur_2022,figure_4|low_bound_us_the_20_cases_with_expert_responses,figure_4,"low bound, us, The 20 Cases with Expert Responses",-10,-10,1,,-10,1,
coppock_kaur_2022,figure_4|high_bound_us_the_20_cases_with_expert_responses,figure_4,"high bound, us, The 20 Cases with Expert Responses",40,40,1,,40,1,
coppock_kaur_2022,figure_4|low_bound_expert_the_20_cases_with_expert_responses,figure_4,"low bound, expert, The 20 Cases with Expert Responses",-15,-15,1,,-15,1,
coppock_kaur_2022,figure_4|high_bound_expert_the_20_cases_with_expert_responses,figure_4,"high bound, expert, The 20 Cases with Expert Responses",15,15,1,,15,1,
coppock_kaur_2022,figure_4|low_bound_us_all_63_democratization_cases,figure_4,"low bound, us, All 63 Democratization Cases",-2,-2,1,,-2,1,
coppock_kaur_2022,figure_4|high_bound_us_all_63_democratization_cases,figure_4,"high bound, us, All 63 Democratization Cases",49,49,1,,49,1,
coppock_kaur_2022,figure_4|low_bound_expert_all_63_democratization_cases,figure_4,"low bound, expert, All 63 Democratization Cases",-19,-19,1,,-19,1,
coppock_kaur_2022,figure_4|high_bound_expert_all_63_democratization_cases,figure_4,"high bound, expert, All 63 Democratization Cases",59,59,1,,59,1,
coppock_kaur_2022,figure_4|low_bound_combined_all_63_democratization_cases,figure_4,"low bound, combined, All 63 Democratization Cases",-3,-3,1,,-3,1,
coppock_kaur_2022,figure_4|high_bound_combined_all_63_democratization_cases,figure_4,"high bound, combined, All 63 Democratization Cases",41,41,1,,41,1,
coppock_kaur_2022,abstract|bounds_width_prior_to_any_analysis,abstract,bounds width prior to any analysis,100,100,1,The abstract says 100 points; the body says the bounds are 200 points wide before any data and 100 once half the potential outcomes are revealed,100,1,
coppock_kaur_2022,abstract|bounds_width_after_imputation,abstract,bounds width after imputation,51,51,1,,51,1,
coppock_kaur_2022,abstract|bounds_width_after_the_expert_survey,abstract,bounds width after the expert survey,44,44,1,,44,1,
coppock_kaur_2022,text|democratization_cases,text,democratization cases,63,63,1,,63,1,
coppock_kaur_2022,text|treated_democratization_cases,text,treated democratization cases,8,8,1,,8,1,
coppock_kaur_2022,text|bounds_width_before_any_data_are_collected,text,bounds width before any data are collected,200,200,1,,200,1,
coppock_kaur_2022,text|bounds_width_once_half_the_potential_outcomes_are_revealed,text,bounds width once half the potential outcomes are revealed,100,100,1,,100,1,
coppock_kaur_2022,text|final_ate_lower_bound,text,final ATE lower bound,-2,-2,1,,-2,1,
coppock_kaur_2022,text|final_ate_upper_bound,text,final ATE upper bound,49,49,1,,49,1,
coppock_kaur_2022,text|final_ate_bounds_width,text,final ATE bounds width,51,51,1,,51,1,
coppock_kaur_2022,text|toy_example_treated_units_with_outcome_1,text,toy example: treated units with outcome 1,4,3,0,The text says the outcome is 1 for three treated units; Table 3 and the deposited data show four,4,0,paper_internal
coppock_kaur_2022,text|toy_example_untreated_units_with_outcome_1,text,toy example: untreated units with outcome 1,1,1,1,,1,1,
coppock_kaur_2022,text|toy_example_bounds_width_before_any_data,text,toy example: bounds width before any data,200,200,1,,200,1,
coppock_kaur_2022,text|toy_example_final_bounds_width,text,toy example: final bounds width,10,10,1,,10,1,
coppock_kaur_2022,text|atu_final_bounds_width,text,ATU final bounds width,58,58,1,The text says the ATU bounds are greater than 58 points wide,58,1,
coppock_kaur_2022,text|att_summarised_as_a_point_effect,text,ATT summarised as a point effect,-15,-15,1,"The ATT is exactly -22.5 points once South Africa (1910-1994) carries the 0.8 appendix C states, which is 7.5 points from the published -15. It sits halfway between two whole numbers, so the figure prints it at the one decimal that states it",-22.5,0,archive
coppock_kaur_2022,text|cases_imputed_as_a_non_zero_causal_effect,text,cases imputed as a non-zero causal effect,6,6,1,,6,1,
coppock_kaur_2022,text|expert_responses_received,text,expert responses received,20,20,1,,20,1,
coppock_kaur_2022,text|democratization_cases_without_an_expert_response,text,democratization cases without an expert response,43,43,1,,43,1,
coppock_kaur_2022,text|our_bounds_width_20_responding_cases,text,"our bounds width, 20 responding cases",50,50,1,,50,1,
coppock_kaur_2022,text|expert_bounds_width_20_responding_cases,text,"expert bounds width, 20 responding cases",30,30,1,,30,1,
coppock_kaur_2022,text|our_bounds_width_all_63_cases,text,"our bounds width, all 63 cases",51,51,1,,51,1,
coppock_kaur_2022,text|expert_bounds_width_all_63_cases,text,"expert bounds width, all 63 cases",78,78,1,,78,1,
coppock_kaur_2022,text|combined_bounds_width_all_63_cases,text,"combined bounds width, all 63 cases",44,44,1,,44,1,
coppock_kaur_2022,text|expert_and_author_imputations_agreed,text,expert and author imputations agreed,7,7,1,,7,1,
coppock_kaur_2022,text|expert_and_author_imputations_conflicted,text,expert and author imputations conflicted,3,3,1,,3,1,
coppock_kaur_2022,text|we_imputed_the_experts_did_not,text,"we imputed, the experts did not",3,3,1,,3,1,
coppock_kaur_2022,text|the_experts_imputed_we_did_not,text,"the experts imputed, we did not",7,7,1,,7,1,
coppock_kaur_2022,text|cases_the_experts_imputed,text,cases the experts imputed,14,14,1,,14,1,
coppock_kaur_2022,text|cases_we_imputed,text,cases we imputed,10,10,1,,10,1,
coppock_kaur_2022,text|experts_who_declined_to_impute,text,experts who declined to impute,6,6,1,,6,1,
coppock_kaur_2022,text|declining_experts_assigned_to_an_untreated_case,text,declining experts assigned to an untreated case,6,6,1,,6,1,
coppock_kaur_2022,text|expert_imputations_differing_from_the_observed_outcome,text,expert imputations differing from the observed outcome,0,0,1,The text says all 20 respondents either made no imputation or imputed the observed outcome,0,1,
coppock_kaur_2022,appendix_a|end_of_conflict_cases,appendix_a,end-of-conflict cases,54,54,1,,54,1,
coppock_kaur_2022,appendix_a|treated_end_of_conflict_cases,appendix_a,treated end-of-conflict cases,6,6,1,,6,1,
coppock_kaur_2022,appendix_a|bounds_width_once_half_the_potential_outcomes_are_revealed,appendix_a,bounds width once half the potential outcomes are revealed,100,100,1,,100,1,
coppock_kaur_2022,appendix_a|bounds_width_after_imputation,appendix_a,bounds width after imputation,44,41,0,"Appendix A says the width shrinks from 100 to 41 points, then in the same breath calls the resulting bounds 45 points wide; the pipeline gives 44.4, which rounds to 44",44,0,paper_internal
coppock_kaur_2022,appendix_a|final_ate_lower_bound,appendix_a,final ATE lower bound,-3,-3,1,,-3,1,
coppock_kaur_2022,appendix_a|final_ate_upper_bound,appendix_a,final ATE upper bound,42,42,1,,42,1,
coppock_kaur_2022,appendix_a|final_ate_bounds_width_from_the_rounded_endpoints,appendix_a,final ATE bounds width from the rounded endpoints,45,45,1,42 minus -3; the unrounded width is 44.4,45,1,
coppock_kaur_2022,appendix_a|att_summarised_as_a_point_effect,appendix_a,ATT summarised as a point effect,-10,-10,1,,-10,1,
coppock_kaur_2022,text|toy_example_units,text,toy example: units,,10,,,10,1,
coppock_kaur_2022,text|toy_example_treated_units,text,toy example: treated units,,7,,,7,1,
coppock_kaur_2022,text|toy_example_untreated_units,text,toy example: untreated units,,3,,,3,1,
coppock_kaur_2022,text|toy_example_easy_imputations,text,toy example: easy imputations,,5,,,5,1,
coppock_kaur_2022,text|toy_example_untreated_outcomes_for_units_1_2_and_5,text,"toy example: untreated outcomes for units 1, 2 and 5",,"1, 1, 0",,,"1, 1, 0",1,
coppock_kaur_2022,text|toy_example_treated_outcomes_for_units_8_and_9,text,toy example: treated outcomes for units 8 and 9,,"1, 0",,,"1, 0",1,
coppock_kaur_2022,text|probabilistic_extension_possible_sets_of_potential_outcomes,text,probabilistic extension: possible sets of potential outcomes,,4,,,4,1,
coppock_kaur_2022,text|unobserved_potential_outcomes,text,unobserved potential outcomes,,63,,,63,1,
coppock_kaur_2022,text|unobserved_potential_outcomes_imputed_with_certainty,text,unobserved potential outcomes imputed with certainty,,5,,Brazil (1964-1985) and the two Thailand transitions are imputed at a probability of exactly 0 or 1; Uruguay (1973-1984) is a fourth in the deposit and is probabilistic at the 0.9 appendix C states,3,0,paper_internal
coppock_kaur_2022,text|unobserved_potential_outcomes_imputed_probabilistically,text,unobserved potential outcomes imputed probabilistically,,26,,Twenty-eight of the 31 democratization imputations carry a probability strictly between 0 and 1; the deposit gives 27 and the article says 26,28,0,paper_internal
coppock_kaur_2022,text|unobserved_potential_outcomes_left_unimputed,text,unobserved potential outcomes left unimputed,,32,,,32,1,
coppock_kaur_2022,text|disbanded_and_discredited_democratization_cases,text,disbanded and discredited democratization cases,,4,,"The article calls these four cases in the sentence after naming two of them, Bolivia and the Philippines; appendix Table B.2 lists two. Appendix Table B.1 lists four end-of-conflict cases at the same step",2,0,paper_internal
coppock_kaur_2022,text|observed_outcome_in_the_disbanded_and_discredited_cases,text,observed outcome in the disbanded and discredited cases,,0,,,0,1,
coppock_kaur_2022,text|south_africa_probability_the_imputed_untreated_outcome_equals_1,text,South Africa: probability the imputed untreated outcome equals 1,,0.8,,The main text and appendix C entry C.2.7 both state 0.8; the deposit transcribes 0.2 and the rewrite restores the stated value,0.8,1,
coppock_kaur_2022,text|disbanded_cases_probability_the_imputed_outcome_equals_1,text,disbanded cases: probability the imputed outcome equals 1,,0.1,,,0.1,1,
coppock_kaur_2022,text|nigeria_probability_the_imputed_untreated_outcome_equals_1,text,Nigeria: probability the imputed untreated outcome equals 1,,0.1,,,0.1,1,
coppock_kaur_2022,text|experts_disagreeing_with_our_coding_of_treatment_and_outcome,text,experts disagreeing with our coding of treatment and outcome,,5,,"The deposited case file records whether an expert responded and what they imputed, but not whether they accepted our coding of treatment and outcome",,,archive
coppock_kaur_2022,text|expert_imputations_conflicting_with_ours_restated_in_the_discussion,text,"expert imputations conflicting with ours, restated in the discussion",,3,,"The same quantity as the Expert Survey section's three conflicts, stated a second time in the discussion",3,1,
coppock_kaur_2022,text|end_of_conflict_cases_stated_in_the_main_text_footnote,text,"end-of-conflict cases, stated in the main text footnote",,54,,"The same quantity as Appendix A's 54 cases, stated a second time in a main text footnote",54,1,
coppock_kaur_2022,text|unimputed_cases_as_a_share_of_the_total,text,unimputed cases as a share of the total,,,,,"32 of 63, 50.8%",1,
coppock_kaur_2022,text|the_bounds_around_the_ate_include_zero,text,the bounds around the ATE include zero,,,,,"[-2, 49] contains 0",1,
coppock_kaur_2022,text|the_att_bounds_shrink_to_a_point,text,the ATT bounds shrink to a point,,,,,"[-22.5, -22.5], width 0",1,
coppock_kaur_2022,text|the_atu_bounds_are_wider_than_the_att_bounds,text,the ATU bounds are wider than the ATT bounds,,,,,58 against 0,1,
coppock_kaur_2022,text|the_combined_bounds_are_narrower_than_our_original_bounds,text,the combined bounds are narrower than our original bounds,,,,,44 against 51,1,
coppock_kaur_2022,text|no_expert_assigned_to_a_treated_case_declined_to_impute,text,no expert assigned to a treated case declined to impute,,,,,0 of 6 declining experts,1,
coppock_kaur_2022,text|expert_bounds_are_narrower_than_ours_among_the_20_responding_cases,text,expert bounds are narrower than ours among the 20 responding cases,,,,,30 against 50,1,
coppock_kaur_2022,text|expert_bounds_are_wider_than_ours_among_all_63_cases,text,expert bounds are wider than ours among all 63 cases,,,,,78 against 51,1,
coppock_kaur_2022,table_b1|cells_printed_in_the_treatment_indicator_column,table_b1,cells printed in the treatment indicator column,,54,,,54,1,
coppock_kaur_2022,table_b1|cells_printed_in_the_observed_outcome_column,table_b1,cells printed in the observed outcome column,,54,,,54,1,
coppock_kaur_2022,table_b1|cells_printed_in_the_revealed_potential_outcome_column,table_b1,cells printed in the revealed potential outcome column,,54,,,54,1,
coppock_kaur_2022,table_b1|cells_printed_in_the_imputed_untreated_outcome_column,table_b1,cells printed in the imputed untreated outcome column,,54,,,54,1,
coppock_kaur_2022,table_b1|cells_printed_in_the_imputed_treated_outcome_column,table_b1,cells printed in the imputed treated outcome column,,54,,,54,1,
coppock_kaur_2022,table_b1|cells_printed_in_the_imputation_probability_column,table_b1,cells printed in the imputation probability column,,30,,,30,1,
coppock_kaur_2022,table_b1|cells_printed_in_the_unit_level_effect_column,table_b1,cells printed in the unit-level effect column,,54,,,54,1,
coppock_kaur_2022,table_b2|cells_printed_in_the_treatment_indicator_column,table_b2,cells printed in the treatment indicator column,,63,,,63,1,
coppock_kaur_2022,table_b2|cells_printed_in_the_observed_outcome_column,table_b2,cells printed in the observed outcome column,,63,,"Azerbaijan (1991-1992) is printed with an observed outcome of 0, which is what its revealed untreated potential outcome is; the deposited outcome column records 1 for that case and nothing reads it",62,0,archive
coppock_kaur_2022,table_b2|cells_printed_in_the_revealed_potential_outcome_column,table_b2,cells printed in the revealed potential outcome column,,63,,,63,1,
coppock_kaur_2022,table_b2|cells_printed_in_the_imputed_untreated_outcome_column,table_b2,cells printed in the imputed untreated outcome column,,63,,,63,1,
coppock_kaur_2022,table_b2|cells_printed_in_the_imputed_treated_outcome_column,table_b2,cells printed in the imputed treated outcome column,,63,,,63,1,
coppock_kaur_2022,table_b2|cells_printed_in_the_imputation_probability_column,table_b2,cells printed in the imputation probability column,,31,,Burundi (1996-2005) is printed with a probability of 0.9; appendix C states 0.8 for the same case and the deposited data carry 0.8,30,0,paper_internal
coppock_kaur_2022,table_b2|cells_printed_in_the_unit_level_effect_column,table_b2,cells printed in the unit-level effect column,,63,,,63,1,
